factor,group,users,metric,rp3beta,progression,difference,ci95_lower,ci95_upper,interval_excludes_zero
history_band,Q2,154847,recall_at_10,0.09753259572379987,0.0976756251712512,0.00014302944745132648,-6.781229946166818e-05,0.0003646537526508255,False
history_band,Q2,154847,ndcg_at_10,0.08281111587938467,0.08311111760729659,0.0003000017279119172,0.00019263932649535482,0.0004175752918218934,True
history_band,Q2,154847,mrr_at_10,0.13777213113897066,0.13841125920404176,0.0006391280650710927,0.0004444386399437191,0.0008626385020503084,True
history_band,Q2,154847,hit_rate_at_10,0.3170161514268924,0.3179977655363036,0.0009816141094112253,0.0003936143418987775,0.0015502399142379249,True
history_band,Q3,154847,recall_at_10,0.06599796635589461,0.06609849070655964,0.00010052435066503027,-6.157345116995432e-05,0.000266401611077438,False
history_band,Q3,154847,ndcg_at_10,0.07040412287198079,0.07058930486367433,0.00018518199169353903,8.79171214924459e-05,0.0002727992651188094,True
history_band,Q3,154847,mrr_at_10,0.13846492713083608,0.13889648727504805,0.00043156014421198767,0.00021128344199666213,0.0006215827123158228,True
history_band,Q3,154847,hit_rate_at_10,0.3228929201082359,0.3236872525783515,0.0007943324701156626,0.00024508062797471054,0.0013497194004404348,True
history_band,dense_Q4,154848,recall_at_10,0.03301187207424189,0.03308121187342696,6.933979918507708e-05,-2.417371187594955e-05,0.0001453893057146326,False
history_band,dense_Q4,154848,ndcg_at_10,0.06131916915761411,0.06140845298864143,8.928383102732393e-05,1.5569016154279076e-05,0.00016224990843819275,True
history_band,dense_Q4,154848,mrr_at_10,0.1417676720150759,0.14172722528513368,-4.044672994223522e-05,-0.00025717475221989324,0.00016835160111954118,False
history_band,dense_Q4,154848,hit_rate_at_10,0.3366914651787559,0.3369304091754495,0.00023894399669353172,-0.00033274566026038436,0.0008976544740648895,False
history_band,sparse_Q1,154847,recall_at_10,0.11636899660559528,0.11683142558960491,0.00046242898400963714,0.00019738935423134688,0.0007624252843029588,True
history_band,sparse_Q1,154847,ndcg_at_10,0.0842202571767805,0.08453060543872364,0.0003103482619431249,0.00019689618825767579,0.00042236910081294406,True
history_band,sparse_Q1,154847,mrr_at_10,0.11501321427264455,0.115502317136188,0.0004891028635434404,0.00029446084824539046,0.0006628841695350894,True
history_band,sparse_Q1,154847,hit_rate_at_10,0.2655653645211079,0.26712819751109157,0.0015628329899836613,0.0010655679477161327,0.0020797948943150333,True
activity_band,Q2,154847,recall_at_10,0.09655660664169995,0.09670814866461465,0.00015154202291467694,-6.864018715833287e-05,0.00036634693548635725,False
activity_band,Q2,154847,ndcg_at_10,0.08255028759002299,0.08279318551437137,0.00024289792434837622,0.00013450018778861378,0.00034918895387969166,True
activity_band,Q2,154847,mrr_at_10,0.1376930643571263,0.1382629228175154,0.0005698584603891132,0.0003898645447359662,0.0007454501171202173,True
activity_band,Q2,154847,hit_rate_at_10,0.31609265920553836,0.3170807313025115,0.0009880720969731413,0.0004133112039626212,0.0015760718644855887,True
activity_band,Q3,154847,recall_at_10,0.06612946317882001,0.06618445718391087,5.499400509088138e-05,-0.00010773436298892891,0.00019842107066010237,False
activity_band,Q3,154847,ndcg_at_10,0.07016801776737841,0.07036742767085806,0.00019940990347965941,0.00010270971991634432,0.0002868414032405325,True
activity_band,Q3,154847,mrr_at_10,0.13704823429906898,0.13748687260266435,0.0004386383035953257,0.0002676017704521647,0.0006543937738439408,True
activity_band,Q3,154847,hit_rate_at_10,0.3204453428222697,0.32134300309337605,0.0008976602711063178,0.0002838285533462063,0.0015176270770502496,True
activity_band,high_Q4,154848,recall_at_10,0.034048108502710214,0.03413263958277136,8.453108006114156e-05,3.5456660711452298e-06,0.00016584697777893826,True
activity_band,high_Q4,154848,ndcg_at_10,0.0616090969936611,0.061683890925491265,7.479393183015739e-05,-1.3066656236131346e-06,0.0001567349320879895,False
activity_band,high_Q4,154848,mrr_at_10,0.1421971792307541,0.14213480111166873,-6.237811908534166e-05,-0.0003215304250230436,0.0001899877058137093,False
activity_band,high_Q4,154848,hit_rate_at_10,0.33776348419094854,0.33795076462078943,0.00018728042984087623,-0.00047239873940896874,0.0007168319900805951,False
activity_band,low_Q1,154847,recall_at_10,0.11617724574429948,0.11666150111943877,0.000484255375139268,0.00019758138763254879,0.0007906829383139454,True
activity_band,low_Q1,154847,ndcg_at_10,0.08442726086234721,0.08479497500884052,0.0003677141464933007,0.00023797038865116266,0.0004792746074902638,True
activity_band,low_Q1,154847,mrr_at_10,0.11607946389682555,0.11665268973644337,0.0005732258396178265,0.00039471405773707397,0.000739047932208762,True
activity_band,low_Q1,154847,hit_rate_at_10,0.26786440809315,0.26936911919507645,0.0015047111019264178,0.0009843587541250396,0.0020087570311339577,True
pathway,chat_only,94301,recall_at_10,0.0534425638248575,0.05357167527784667,0.00012911145298917344,-2.0994703753838817e-05,0.0003004833301367109,False
pathway,chat_only,94301,ndcg_at_10,0.06736428451751629,0.06751967544064846,0.0001553909231321642,4.549429535530476e-05,0.00026479747979070575,True
pathway,chat_only,94301,mrr_at_10,0.13953395686860867,0.13979460484773262,0.0002606479791239232,-5.017389436695704e-06,0.0005202342616845114,False
pathway,chat_only,94301,hit_rate_at_10,0.32811953213645667,0.3287876056457514,0.0006680735092947053,-8.483473133901019e-05,0.001394736004920414,False
pathway,mixed_chat_phone,30119,recall_at_10,0.03404385231123582,0.0341326004171985,8.874810596267326e-05,-0.00012410411931547294,0.000318547372382382,False
pathway,mixed_chat_phone,30119,ndcg_at_10,0.06852258372842848,0.06865324824665847,0.00013066451822997286,-5.122435836931398e-05,0.0003068098263657473,False
pathway,mixed_chat_phone,30119,mrr_at_10,0.15365452488198925,0.15353632970170705,-0.00011819518028223494,-0.0005771049967404428,0.0003983510909371662,False
pathway,mixed_chat_phone,30119,hit_rate_at_10,0.36130017596865766,0.36096815963345397,-0.00033201633520369203,-0.001710714167137023,0.0012284604402536606,False
pathway,no_prior_success,445950,recall_at_10,0.08858974898557896,0.08879180268770881,0.00020205370212983883,6.282764578243507e-05,0.0003457390909824899,True
pathway,no_prior_success,445950,ndcg_at_10,0.0768463250018177,0.07708264385362149,0.0002363188518037834,0.00017444029661129145,0.00029282140626775736,True
pathway,no_prior_success,445950,mrr_at_10,0.12880405750520113,0.12921856229878428,0.00041450479358316565,0.0003044894126503612,0.0005241438377496232,True
pathway,no_prior_success,445950,hit_rate_at_10,0.29969503307545686,0.3006727211570804,0.0009776880816235005,0.0006714317748626528,0.0013107411144747168,True
pathway,phone_only,49019,recall_at_10,0.05878897512320404,0.059097064910663,0.00030808978745896836,3.2849990958866136e-05,0.0005838285955170625,True
pathway,phone_only,49019,ndcg_at_10,0.07293815083009449,0.07320408378231749,0.0002659329522230201,0.00010309067408289397,0.0004397835690676621,True
pathway,phone_only,49019,mrr_at_10,0.14912767870702548,0.14972740566744933,0.000599726960423833,0.00018370103979765536,0.0009666621413724575,True
pathway,phone_only,49019,hit_rate_at_10,0.34421346824700627,0.34553948468961015,0.0013260164426038884,0.0003060037944470511,0.0023567392235663716,True
target_popularity_band,Q2,154847,recall_at_10,0.06718383373232364,0.06662102000798661,-0.000562813724337028,-0.0007516341155711396,-0.0003801267721291358,True
target_popularity_band,Q2,154847,ndcg_at_10,0.07035840270797374,0.06997683430788772,-0.00038156840008603206,-0.0004733149215485372,-0.00029174539193981875,True
target_popularity_band,Q2,154847,mrr_at_10,0.13681405793183873,0.13636737020803227,-0.0004466877238064281,-0.000667705236638603,-0.00024349502545318417,True
target_popularity_band,Q2,154847,hit_rate_at_10,0.3289053065283796,0.32807222613289244,-0.0008330803954871583,-0.0014017062003138581,-0.00030998340297196586,True
target_popularity_band,Q3,154847,recall_at_10,0.08621095219612225,0.08624084534421403,2.9893148091765416e-05,-0.00017687099997244145,0.00023963964514722727,False
target_popularity_band,Q3,154847,ndcg_at_10,0.09020871462405661,0.09037484840755299,0.00016613378349637442,5.873474830043351e-05,0.000271624856329041,True
target_popularity_band,Q3,154847,mrr_at_10,0.16744212489932458,0.16785205847328458,0.00040993357396,0.00017287744400232855,0.0006300406899344882,True
target_popularity_band,Q3,154847,hit_rate_at_10,0.3831330280857879,0.3843019238344947,0.001168895748706788,0.000512602762727079,0.0017888625546507197,True
target_popularity_band,head_target_Q4,154848,recall_at_10,0.12301901203259988,0.12494944147330787,0.001930429440708004,0.0016486250780804758,0.0022465546500985345,True
target_popularity_band,head_target_Q4,154848,ndcg_at_10,0.10422775314060664,0.10574606255944197,0.0015183094188353323,0.0013875597285663034,0.0016594448910860818,True
target_popularity_band,head_target_Q4,154848,mrr_at_10,0.16185964597745828,0.16393346921671473,0.002073823239256438,0.0018707141150400024,0.0022986758443302923,True
target_popularity_band,head_target_Q4,154848,hit_rate_at_10,0.35797685472205,0.36286551973548253,0.004888665013432527,0.004329891248191775,0.005463745091961149,True
target_popularity_band,tail_target_Q1,154847,recall_at_10,0.03649705153349555,0.03587485323145013,-0.000622198302045427,-0.0007600830308406402,-0.0004897840590370189,True
target_popularity_band,tail_target_Q1,154847,ndcg_at_10,0.033959517510021416,0.033541449291722175,-0.0004180682182992413,-0.0004893963188250973,-0.00035376989874222613,True
target_popularity_band,tail_target_Q1,154847,mrr_at_10,0.06690198599518768,0.0663842475947328,-0.0005177384004548883,-0.0006693244104446775,-0.00036774158075749324,True
target_popularity_band,tail_target_Q1,154847,hit_rate_at_10,0.17215057443799364,0.17050378760970505,-0.0016467868282885687,-0.002108694388654607,-0.0011882697113925359,True
